,animal,session,trial,onset,first_lick_in,last_lick_out,water_valve_on,outcome,licks,sound_num,reward,go_nogo,licks_out,quality,water_valve_amt
0,JUV015,220409,1,1663.447028,1663.75336,1665.280021,1663.755527,1663.755527,"[1663.75336, 1663.865527, 1663.99786, 1664.063692, 1664.155359, 1664.241026, 1664.392525, 1664.494191, 1664.596024, 1664.70519, 1664.79169, 1664.914023, 1665.029522, 1665.150188, 1665.265854]",4,2,go,15,normal,2
1,JUV015,220409,2,1668.150176,1668.315509,1671.711501,1668.317842,1668.317842,"[1668.315509, 1668.408008, 1668.516508, 1668.604175, 1668.694507, 1668.79084, 1668.89234, 1669.001182, 1669.087506, 1669.203005, 1669.319005, 1669.441838, 1669.536504, 1669.685504, 1669.814836, 1669.956169, 1671.690495]",2,2,go,17,normal,2
2,JUV015,220409,3,1673.712821,1673.83832,1684.341445,,1673.83832,"[1673.83832, 1673.94432, 1682.976117, 1683.16845, 1683.296622, 1683.436448, 1683.486115, 1684.291612]",5,-1,nogo,8,normal,
3,JUV015,220409,4,1687.794764,,,,1691.045085,[],8,0,nogo,0,normal,
4,JUV015,220409,5,1694.732903,1694.925569,1696.422896,1694.927744,1694.927744,"[1694.925569, 1695.017741, 1695.119235, 1695.185568, 1695.270568, 1695.362567, 1695.468067, 1695.575901, 1695.684733, 1695.799566, 1695.901565, 1696.010231, 1696.125731, 1696.228231, 1696.35823]",2,2,go,15,normal,2
5,JUV015,220409,6,1699.59055,1699.77155,1699.877049,,1699.77155,"[1699.77155, 1699.870049]",5,-1,nogo,2,normal,
6,JUV015,220409,7,1713.443499,,,,1716.44582,[],14,-1,go,0,missed,
7,JUV015,220409,8,1730.191761,,,,1733.442082,[],8,0,nogo,0,normal,
8,JUV015,220409,9,1737.845231,1738.065397,1739.333725,1738.06773,1738.06773,"[1738.065397, 1738.175229, 1738.271396, 1738.348729, 1738.454728, 1738.539061, 1738.654228, 1738.756227, 1738.864727, 1738.980059, 1739.074559, 1739.196725, 1739.305058]",4,2,go,13,normal,2
9,JUV015,220409,10,1742.694045,,,,1745.944365,[],8,0,nogo,0,normal,
10,JUV015,220409,11,1750.212015,1750.373019,1751.639842,1750.375183,1750.375183,"[1750.373019, 1750.466014, 1750.563183, 1750.65268, 1750.754679, 1750.835679, 1750.944345, 1751.059678, 1751.160678, 1751.262344, 1751.378177, 1751.487343, 1751.589185]",2,2,go,13,normal,2
11,JUV015,220409,12,1754.751163,1754.928329,1755.185503,,1754.928329,"[1754.928329, 1755.028495, 1755.142828]",5,-1,nogo,3,normal,
12,JUV015,220409,13,1768.972782,1769.162439,1770.374941,1769.164605,1769.164605,"[1769.162439, 1769.254941, 1769.359105, 1769.426271, 1769.511605, 1769.590104, 1769.702437, 1769.804436, 1769.906603, 1770.028941, 1770.122768, 1770.245768, 1770.346601]",1,2,go,13,normal,2
13,JUV015,220409,14,1773.661421,,,,1776.911581,[],8,0,nogo,0,normal,
14,JUV015,220409,15,1781.29039,1781.477223,1782.727884,1781.479556,1781.479556,"[1781.477223, 1781.577556, 1781.686555, 1781.746722, 1781.851888, 1781.947888, 1782.049054, 1782.164553, 1782.26572, 1782.367386, 1782.482719, 1782.591219, 1782.699551]",3,2,go,13,normal,2
15,JUV015,220409,16,1786.41737,1786.572541,1787.870531,1786.574869,1786.574869,"[1786.572541, 1786.667702, 1786.769535, 1786.871035, 1786.979368, 1787.068034, 1787.176367, 1787.2857, 1787.402033, 1787.517032, 1787.626532, 1787.748198, 1787.842198]",4,2,go,13,normal,2
16,JUV015,220409,17,1790.686186,1790.837185,1791.000518,,1790.837185,"[1790.837185, 1790.951022]",5,-1,nogo,2,normal,
17,JUV015,220409,18,1804.256965,1804.444464,1805.550627,1804.446631,1804.446631,"[1804.444464, 1804.545464, 1804.61463, 1804.71263, 1804.80563, 1804.897796, 1805.000629, 1805.109795, 1805.219128, 1805.321128, 1805.422627, 1805.54396]",2,2,go,12,normal,2
18,JUV015,220409,19,1808.150949,,,,1811.40127,[],8,0,nogo,0,normal,
19,JUV015,220409,20,1815.923585,1816.1234239999999,1816.244084,,1816.1234239999999,"[1816.1234239999999, 1816.222751]",5,-1,nogo,2,normal,
20,JUV015,220409,21,1830.023362,1830.218528,1833.90368,1830.220703,1830.220703,"[1830.218528, 1830.319361, 1830.429861, 1830.51736, 1830.61936, 1830.700863, 1830.795859, 1830.904861, 1830.999858, 1831.108861, 1831.210191, 1831.318023, 1831.419523, 1831.520356, 1833.589019, 1833.803181, 1833.88268]",4,2,go,17,normal,2
21,JUV015,220409,22,1835.904838,1836.053838,1837.215167,1836.056005,1836.056005,"[1836.053838, 1836.147004, 1836.248337, 1836.322837, 1836.43217, 1836.520336, 1836.615341, 1836.730835, 1836.832168, 1836.948001, 1837.056834, 1837.172167]",4,2,go,12,normal,2
22,JUV015,220409,23,1840.302988,,,,1843.553308,[],8,0,nogo,0,normal,
23,JUV015,220409,24,1847.623625,1847.813291,1848.191123,,1847.813291,"[1847.813291, 1847.913624, 1848.027957, 1848.162956]",5,-1,nogo,4,normal,
24,JUV015,220409,25,1861.790068,,,,1865.040389,[],7,0,nogo,0,normal,
25,JUV015,220409,26,1869.285538,,,,1872.535859,[],8,0,nogo,0,normal,
26,JUV015,220409,27,1876.865181,1880.049162,1880.343499,,1879.867503,"[1880.049162, 1880.119995, 1880.300328]",15,-1,go,3,missed,
27,JUV015,220409,28,1893.537775,,,,1896.788095,[],8,0,nogo,0,normal,
28,JUV015,220409,29,1901.044411,1901.236744,1902.497905,1901.238911,1901.238911,"[1901.236744, 1901.311077, 1901.419744, 1901.508243, 1901.599742, 1901.689409, 1901.797585, 1901.898741, 1902.000741, 1902.117241, 1902.232907, 1902.348073, 1902.462406]",1,2,go,13,normal,2
29,JUV015,220409,30,1905.292061,1905.496062,1907.062387,1905.498394,1905.498394,"[1905.496062, 1905.604063, 1905.714559, 1905.812892, 1905.909558, 1906.008063, 1906.123891, 1906.240224, 1906.34239, 1906.451056, 1906.560061, 1906.676222, 1906.785222, 1906.902555, 1907.019221]",1,2,go,15,normal,2
30,JUV015,220409,31,1909.884381,1910.027709,1922.187827,,1910.027709,"[1910.027709, 1910.135708, 1922.067327, 1922.16666]",6,-1,nogo,4,normal,
31,JUV015,220409,32,1924.189152,,,,1927.439472,[],6,0,nogo,0,normal,
32,JUV015,220409,33,1931.480789,,,,1934.73111,[],8,0,nogo,0,normal,
33,JUV015,220409,34,1938.449102,1938.633594,1942.334913,1938.635928,1938.635928,"[1938.633594, 1938.725265, 1938.827264, 1938.921428, 1939.016593, 1939.104592, 1939.213425, 1939.315425, 1939.417091, 1939.518424, 1939.633924, 1939.749923, 1939.872756, 1942.227247, 1942.313419]",2,2,go,15,normal,2
34,JUV015,220409,35,1944.336072,,,,1947.586392,[],7,0,nogo,0,normal,
35,JUV015,220409,36,1951.585043,,,,1954.835363,[],6,0,nogo,0,normal,
36,JUV015,220409,37,1958.558348,1958.740014,1960.014009,1958.74218,1958.74218,"[1958.740014, 1958.83268, 1958.933846, 1959.021182, 1959.137182, 1959.217512, 1959.311845, 1959.420511, 1959.536177, 1959.65251, 1959.754676, 1959.863511, 1959.992509]",2,2,go,13,normal,2
37,JUV015,220409,38,1962.401832,1962.528332,1966.326983,1962.530499,1962.530499,"[1962.528332, 1962.621665, 1962.716831, 1962.819501, 1962.928664, 1963.016997, 1963.125996, 1963.234996, 1963.350829, 1963.460162, 1963.567995, 1966.32015]",2,2,go,12,normal,2
38,JUV015,220409,39,1968.328309,1968.472475,1972.835957,1968.474642,1968.474642,"[1968.472475, 1968.560141, 1968.670641, 1968.772974, 1968.882307, 1968.97714, 1969.085981, 1969.208972, 1969.325471, 1969.434804, 1969.550971, 1972.025794, 1972.814958]",2,2,go,13,normal,2
39,JUV015,220409,40,1974.837116,1974.989949,1978.877767,1974.992282,1974.992282,"[1974.989949, 1975.092115, 1975.207281, 1975.316114, 1975.42528, 1975.526947, 1975.629113, 1975.758279, 1975.880945, 1975.989278, 1978.870767]",3,2,go,11,normal,2
40,JUV015,220409,41,1980.878925,1981.023264,1981.165757,,1981.023264,"[1981.023264, 1981.122924]",5,-1,nogo,2,normal,
41,JUV015,220409,42,1995.911698,1996.074031,1996.336864,,1996.074031,"[1996.074031, 1996.173031, 1996.286864]",5,-1,nogo,3,normal,
42,JUV015,220409,43,2010.129986,,,,2013.380299,[],8,0,nogo,0,normal,
43,JUV015,220409,44,2016.714782,2016.918448,2018.114443,2016.920619,2016.920619,"[2016.918448, 2017.019947, 2017.114619, 2017.209447, 2017.318621, 2017.406446, 2017.500445, 2017.609112, 2017.718111, 2017.840944, 2017.949777, 2018.071943]",4,2,go,12,normal,2
44,JUV015,220409,45,2021.605107,2021.756762,2021.763762,,2021.756762,[2021.756762],5,-1,nogo,1,normal,
45,JUV015,220409,46,2036.075538,2040.240188,2040.54102,,2039.325858,"[2040.240188, 2040.361687, 2040.483853]",8,0,nogo,3,normal,
46,JUV015,220409,47,2043.584008,,,,2046.586496,[],13,-1,go,0,missed,
47,JUV015,220409,48,2060.483274,,,,2063.733594,[],7,0,nogo,0,normal,
48,JUV015,220409,49,2068.077243,2068.265242,2072.550392,2068.267409,2068.267409,"[2068.265242, 2068.358075, 2068.460242, 2068.547908, 2068.657241, 2068.744574, 2068.838907, 2068.94824, 2069.056739, 2069.171906, 2069.287572, 2072.543904]",1,2,go,12,normal,2
49,JUV015,220409,50,2074.551717,,,,2077.802038,[],6,0,nogo,0,normal,
50,JUV015,220409,51,2081.48719,2081.680189,2082.768851,2081.682355,2081.682355,"[2081.680189, 2081.772859, 2081.875688, 2081.970521, 2082.079687, 2082.167854, 2082.269353, 2082.385186, 2082.494019, 2082.602852, 2082.725851]",2,2,go,11,normal,2
51,JUV015,220409,52,2086.26567,,,,2089.515991,[],6,0,nogo,0,normal,
52,JUV015,220409,53,2093.15231,2107.760084,2107.781584,,2096.154631,[2107.760084],16,-1,go,1,missed,
53,JUV015,220409,54,2110.481407,,,,2113.731727,[],6,0,nogo,0,normal,
54,JUV015,220409,55,2117.573878,2117.676878,2118.762207,2117.679045,2117.679045,"[2117.676878, 2117.769044, 2117.877877, 2117.972544, 2118.081376, 2118.168876, 2118.278042, 2118.380209, 2118.489375, 2118.611708, 2118.73404]",2,2,go,11,normal,2
55,JUV015,220409,56,2121.734862,,,,2124.985022,[],6,0,nogo,0,normal,
56,JUV015,220409,57,2128.806834,2129.012833,2139.416625,,2129.012833,"[2129.012833, 2129.111999, 2138.89146, 2139.086626, 2139.190626, 2139.360958, 2139.374958, 2139.409791]",7,-1,nogo,8,normal,
57,JUV015,220409,58,2142.95811,2143.242786,2143.462108,,2143.242786,"[2143.242786, 2143.426275]",6,-1,nogo,2,normal,
58,JUV015,220409,59,2156.992721,,,,2160.243041,[],8,0,nogo,0,normal,
59,JUV015,220409,60,2164.403358,,,,2167.405513,[],12,-1,go,0,missed,
60,JUV015,220409,61,2181.414956,2181.579289,2182.563285,2181.581456,2181.581456,"[2181.579289, 2181.671789, 2181.773122, 2181.867955, 2181.977454, 2182.064954, 2182.166954, 2182.282786, 2182.391286, 2182.512952]",4,2,go,10,normal,2
61,JUV015,220409,62,2186.38027,2186.559436,2186.566269,,2186.559436,[2186.559436],5,-1,nogo,1,normal,
62,JUV015,220409,63,2200.941878,2201.25221,2213.819327,,2201.25221,"[2201.25221, 2201.359543, 2213.494995, 2213.601161, 2213.798494]",5,-1,nogo,5,normal,
63,JUV015,220409,64,2215.820486,,,,2219.070806,[],7,0,nogo,0,normal,
64,JUV015,220409,65,2222.616125,2222.832459,2222.959124,,2222.832459,"[2222.832459, 2222.930957]",5,-1,nogo,2,normal,
65,JUV015,220409,66,2236.408737,,,,2239.659057,[],8,0,nogo,0,normal,
66,JUV015,220409,67,2243.77204,2243.984206,2247.796691,2243.986379,2243.986379,"[2243.984206, 2244.085706, 2244.201872, 2244.298872, 2244.407871, 2244.502871, 2244.605037, 2244.727537, 2244.856542, 2244.972369, 2245.088541, 2245.218201, 2245.347534, 2247.660861, 2247.760691]",2,2,go,15,normal,2
67,JUV015,220409,68,2249.79785,2250.012182,2258.635314,,2250.012182,"[2250.012182, 2258.508482, 2258.614481]",5,-1,nogo,3,normal,
68,JUV015,220409,69,2263.718303,,,,2266.968622,[],7,0,nogo,0,normal,
69,JUV015,220409,70,2271.605429,2271.802928,2272.831924,2271.804928,2271.804928,"[2271.802928, 2271.902761, 2272.031427, 2272.126427, 2272.228926, 2272.331106, 2272.439759, 2272.555925, 2272.672758, 2272.781591]",3,2,go,10,normal,2
70,JUV015,220409,71,2275.843745,2279.528231,2279.535231,,2279.094066,[2279.528231],8,0,nogo,1,normal,
71,JUV015,220409,72,2282.866717,2283.005883,2284.260388,2283.007884,2283.007884,"[2283.005883, 2283.10705, 2283.208383, 2283.310385, 2283.426548, 2283.514548, 2283.623048, 2283.732223, 2283.848047, 2283.964046, 2284.087546, 2284.202712]",2,2,go,12,normal,2
72,JUV015,220409,73,2287.0772,,,,2290.327521,[],6,0,nogo,0,normal,
73,JUV015,220409,74,2294.584337,2294.745341,2295.869165,2294.74767,2294.74767,"[2294.745341, 2294.852669, 2294.947169, 2295.049669, 2295.166501, 2295.254501, 2295.363346, 2295.472667, 2295.595166, 2295.710666, 2295.826332]",4,2,go,11,normal,2
74,JUV015,220409,75,2299.074486,2299.205665,2300.380481,2299.20782,2299.20782,"[2299.205665, 2299.305318, 2299.420984, 2299.530484, 2299.64665, 2299.741819, 2299.843819, 2299.959982, 2300.076648, 2300.199982, 2300.308981]",2,2,go,11,normal,2
75,JUV015,220409,76,2303.365135,2303.494302,2303.529468,,2303.494302,[2303.494302],5,-1,nogo,1,normal,
76,JUV015,220409,77,2316.858748,2317.027424,2318.12891,2317.029582,2317.029582,"[2317.027424, 2317.113581, 2317.215247, 2317.317421, 2317.426912, 2317.514412, 2317.616412, 2317.725411, 2317.841411, 2317.97841, 2318.10041]",4,2,go,11,normal,2
77,JUV015,220409,78,2320.874732,2321.008231,2322.270063,2321.010398,2321.010398,"[2321.008231, 2321.108065, 2321.217397, 2321.327905, 2321.43823, 2321.534229, 2321.644396, 2321.761228, 2321.871228, 2321.980894, 2322.097727, 2322.234393]",1,2,go,12,normal,2
78,JUV015,220409,79,2325.498047,2325.65022,2325.65688,,2325.65022,[2325.65022],5,-1,nogo,1,normal,
79,JUV015,220409,80,2340.072322,,,,2343.322642,[],8,0,nogo,0,normal,
80,JUV015,220409,81,2347.19346,2347.356459,2348.451288,2347.358461,2347.358461,"[2347.356459, 2347.448959, 2347.550625, 2347.653125, 2347.762291, 2347.842791, 2347.951624, 2348.06079, 2348.176623, 2348.285289, 2348.400955]",3,2,go,11,normal,2
81,JUV015,220409,82,2351.891941,2352.051107,2355.837759,2352.053107,2352.053107,"[2352.051107, 2352.16644, 2352.281773, 2352.390941, 2352.499772, 2352.601605, 2352.710605, 2352.826771, 2352.93627, 2353.05227, 2353.175269, 2355.809592]",4,2,go,12,normal,2
82,JUV015,220409,83,2357.839084,2357.970917,2361.897902,2357.97325,2357.97325,"[2357.970917, 2358.072083, 2358.187749, 2358.297916, 2358.407587, 2358.509582, 2358.618914, 2358.735247, 2358.844913, 2358.968246, 2359.083581, 2361.877068]",1,2,go,12,normal,2
83,JUV015,220409,84,2363.899227,,,,2367.149547,[],7,0,nogo,0,normal,
84,JUV015,220409,85,2370.872865,2372.906357,2373.165189,,2372.906357,"[2372.906357, 2372.999523, 2373.11469]",15,0,go,3,normal,
85,JUV015,220409,86,2376.798508,2376.957341,2381.529824,2376.959674,2376.959674,"[2376.957341, 2377.044341, 2377.160174, 2377.26234, 2377.378006, 2377.472839, 2377.574839, 2377.697344, 2377.806838, 2377.92317, 2378.032837, 2381.523156]",2,2,go,12,normal,2
86,JUV015,220409,87,2383.531148,,,,2386.781468,[],8,0,nogo,0,normal,
87,JUV015,220409,88,2391.311784,2391.482283,2392.625945,2391.484622,2391.484622,"[2391.482283, 2391.582619, 2391.698621, 2391.801448, 2391.905281, 2392.001448, 2392.110623, 2392.220785, 2392.330279, 2392.453446, 2392.583112]",2,2,go,11,normal,2
88,JUV015,220409,89,2395.5921,,,,2398.594421,[],9,-1,go,0,missed,
89,JUV015,220409,90,2412.376542,2412.577865,2412.835031,,2412.577865,"[2412.577865, 2412.670365, 2412.785198]",6,-1,nogo,3,normal,
90,JUV015,220409,91,2426.872975,2427.147807,2428.168142,2427.149979,2427.149979,"[2427.147807, 2427.255473, 2427.372306, 2427.477306, 2427.579472, 2427.660472, 2427.769638, 2427.885971, 2427.988139, 2428.111303]",4,2,go,10,normal,2
91,JUV015,220409,92,2431.048958,2431.162291,2432.437119,2431.164461,2431.164461,"[2431.162291, 2431.255957, 2431.364462, 2431.47479, 2431.584461, 2431.680122, 2431.796955, 2431.906788, 2432.016622, 2432.133454, 2432.256622, 2432.379453]",1,2,go,12,normal,2
92,JUV015,220409,93,2435.843439,2435.982272,2442.15308,2435.984438,2435.984438,"[2435.982272, 2436.076605, 2436.185271, 2436.294604, 2436.411603, 2436.513769, 2436.622602, 2436.745769, 2436.861935, 2436.971434, 2437.087934, 2437.211433, 2439.415091, 2439.604757, 2440.538587, 2442.124914]",4,2,go,16,normal,2
93,JUV015,220409,94,2444.154405,2449.75055,2450.767712,,2447.404726,"[2449.75055, 2449.964549, 2450.160548, 2450.303214, 2450.472388, 2450.604713, 2450.746712, 2450.760712]",5,0,nogo,8,normal,
94,JUV015,220409,95,2452.769038,,,,2455.771359,[],11,-1,go,0,missed,
95,JUV015,220409,96,2470.128139,2470.285468,2471.494299,2470.287801,2470.287801,"[2470.285468, 2470.371467, 2470.476467, 2470.574303, 2470.687799, 2470.780141, 2470.872465, 2470.988798, 2471.097464, 2471.213797, 2471.33613, 2471.45863]",4,2,go,12,normal,2
96,JUV015,220409,97,2475.279114,,,,2478.281436,[],15,-1,go,0,missed,
97,JUV015,220409,98,2491.824715,2491.975714,2493.219876,2491.977881,2491.977881,"[2491.975714, 2492.084714, 2492.172221, 2492.27438, 2492.383046, 2492.477712, 2492.579712, 2492.695378, 2492.818044, 2492.940044, 2493.06271, 2493.191376]",3,2,go,12,normal,2
98,JUV015,220409,99,2496.481196,2496.628029,2501.859346,2496.630029,2496.630029,"[2496.628029, 2496.729029, 2496.851195, 2496.980527, 2497.07536, 2497.184193, 2497.300026, 2497.423359, 2497.539692, 2497.670025, 2497.806024, 2500.684846, 2500.899679, 2501.695342, 2501.802342]",2,2,go,15,normal,2
99,JUV015,220409,100,2503.860667,2503.979999,2508.470315,2503.982166,2503.982166,"[2503.979999, 2504.080666, 2504.189339, 2504.291998, 2504.415499, 2504.510664, 2504.619997, 2504.736496, 2504.852829, 2504.968829, 2507.496152, 2508.434482]",1,2,go,12,normal,2
100,JUV015,220409,101,2510.471474,2510.63664,2511.681802,2510.638806,2510.638806,"[2510.63664, 2510.723806, 2510.839639, 2510.948805, 2511.064805, 2511.166971, 2511.275637, 2511.39197, 2511.508303, 2511.624469]",1,2,go,10,normal,2
101,JUV015,220409,102,2514.871456,2515.016955,2515.030955,,2515.016955,[2515.016955],7,-1,nogo,1,normal,
102,JUV015,220409,103,2528.953233,2529.096232,2532.859717,2529.098399,2529.098399,"[2529.096232, 2529.175232, 2529.283901, 2529.385731, 2529.502067, 2529.589564, 2529.698563, 2529.800563, 2529.923729, 2530.040062, 2532.838884]",3,2,go,11,normal,2
103,JUV015,220409,104,2534.860876,2535.031709,2535.195875,,2535.031709,"[2535.031709, 2535.138379]",5,-1,nogo,2,normal,
104,JUV015,220409,105,2548.908986,2549.053153,2550.664813,2549.055153,2549.055153,"[2549.053153, 2549.152485, 2549.261985, 2549.358318, 2549.475151, 2549.562651, 2549.67215, 2549.788483, 2549.898149, 2550.021482, 2550.333647, 2550.50948, 2550.62948]",2,2,go,13,normal,2
105,JUV015,220409,106,2553.336802,,,,2556.587122,[],7,0,nogo,0,normal,
106,JUV015,220409,107,2560.857272,,,,2564.107592,[],6,0,nogo,0,normal,
107,JUV015,220409,108,2567.926744,2568.078743,2569.096906,2568.081076,2568.081076,"[2568.078743, 2568.173243, 2568.282743, 2568.393075, 2568.501743, 2568.596408, 2568.698574, 2568.807907, 2568.924073, 2569.046906]",3,2,go,10,normal,2
108,JUV015,220409,109,2572.367226,2572.369059,2576.40371,2572.371226,2572.371226,"[2572.369059, 2572.468061, 2572.562392, 2572.658391, 2572.761224, 2572.863724, 2572.973224, 2573.075723, 2573.192067, 2573.316389, 2573.431888, 2573.547055, 2573.648721, 2576.368379]",3,2,go,14,normal,2
109,JUV015,220409,110,2578.405035,2578.546868,2583.142016,2578.549035,2578.549035,"[2578.546868, 2578.649701, 2578.766034, 2578.875867, 2578.9922, 2579.094032, 2579.203365, 2579.312365, 2579.456364, 2579.571364, 2579.68753, 2579.817363, 2579.926029, 2580.061862, 2583.11385]",4,2,go,15,normal,2
110,JUV015,220409,111,2585.143182,2585.326008,2585.361341,,2585.326008,[2585.326008],5,-1,nogo,1,normal,
111,JUV015,220409,112,2599.574117,,,,2602.824437,[],8,0,nogo,0,normal,
112,JUV015,220409,113,2607.077587,2607.284586,2607.456419,,2607.284586,"[2607.284586, 2607.399086]",5,-1,nogo,2,normal,
113,JUV015,220409,114,2621.705862,,,,2624.956182,[],8,0,nogo,0,normal,
114,JUV015,220409,115,2628.744,,,,2631.746155,[],13,-1,go,0,missed,
115,JUV015,220409,116,2646.190097,2652.272906,2652.754404,,2649.440418,"[2652.272906, 2652.379406, 2652.499744, 2652.635072, 2652.740405]",6,0,nogo,5,normal,
116,JUV015,220409,117,2654.75573,,,,2657.758051,[],14,-1,go,0,missed,
117,JUV015,220409,118,2671.920161,2672.114494,2675.560813,2672.11666,2672.11666,"[2672.114494, 2672.222326, 2672.337993, 2672.426492, 2672.536992, 2672.632658, 2672.750324, 2672.861491, 2672.97949, 2673.089156, 2673.198823, 2673.329823, 2673.438488, 2675.547147]",1,2,go,14,normal,2
118,JUV015,220409,119,2677.561982,,,,2680.564301,[],16,-1,go,0,missed,
119,JUV015,220409,120,2694.980236,2695.170235,2696.566563,2695.172402,2695.172402,"[2695.170235, 2695.262901, 2695.366234, 2695.461744, 2695.571739, 2695.6494, 2695.744733, 2695.854066, 2695.957565, 2696.068398, 2696.186231, 2696.310397, 2696.426396, 2696.529903]",2,2,go,14,normal,2
120,JUV015,220409,121,2700.040049,,,,2703.290369,[],6,0,nogo,0,normal,
121,JUV015,220409,122,2707.030521,2707.193853,2708.327183,2707.19602,2707.19602,"[2707.193853, 2707.300861, 2707.403853, 2707.507352, 2707.618185, 2707.707685, 2707.818351, 2707.92985, 2708.047517, 2708.165683, 2708.283349]",3,2,go,11,normal,2
122,JUV015,220409,123,2712.125667,,,,2715.375987,[],8,0,nogo,0,normal,
123,JUV015,220409,124,2718.90164,,,,2721.904128,[],16,-1,go,0,missed,
124,JUV015,220409,125,2735.745406,2735.930072,2739.674723,2735.932238,2735.932238,"[2735.930072, 2736.023238, 2736.132238, 2736.228071, 2736.337903, 2736.418736, 2736.529739, 2736.634236, 2736.745235, 2736.863568, 2736.980734, 2739.66089]",2,2,go,12,normal,2
125,JUV015,220409,126,2741.675882,2741.742384,2741.895715,,2741.742384,"[2741.742384, 2741.844382]",5,-1,nogo,2,normal,
126,JUV015,220409,127,2755.593503,2755.774159,2756.770155,2755.776326,2755.776326,"[2755.774159, 2755.868659, 2755.966325, 2756.070158, 2756.180991, 2756.26999, 2756.373668, 2756.477156, 2756.601489, 2756.718655]",4,2,go,10,normal,2
127,JUV015,220409,128,2759.559979,2759.700643,2759.714977,,2759.700643,[2759.700643],7,-1,nogo,1,normal,
128,JUV015,220409,129,2774.081919,2774.337421,2775.556747,2774.339585,2774.339585,"[2774.337421, 2774.439751, 2774.534751, 2774.644417, 2774.75375, 2774.84125, 2774.943749, 2775.053249, 2775.177248, 2775.293581, 2775.409914, 2775.512414]",4,2,go,12,normal,2
129,JUV015,220409,130,2778.224903,2778.374735,2779.422898,2778.376902,2778.376902,"[2778.374735, 2778.467744, 2778.577401, 2778.686734, 2778.804734, 2778.908066, 2779.018399, 2779.135566, 2779.246565, 2779.356899]",1,2,go,10,normal,2
130,JUV015,220409,131,2783.105216,2783.261216,2786.581202,2783.263382,2783.263382,"[2783.261216, 2783.348715, 2783.458227, 2783.568383, 2783.679381, 2783.784047, 2783.89488, 2784.006046, 2784.117212, 2784.235212, 2784.345711, 2784.477544, 2786.559536]",2,2,go,13,normal,2
131,JUV015,220409,132,2788.582361,2788.715527,2799.271821,,2788.715527,"[2788.715527, 2788.830699, 2796.755995, 2796.986161, 2797.098494, 2797.21816, 2797.33016, 2797.516492, 2797.661325, 2797.720991, 2797.866324, 2797.930324, 2798.660154, 2798.795487, 2798.999822, 2799.258318]",5,-1,nogo,16,normal,
132,JUV015,220409,133,2802.081141,2802.266806,2803.9708,2802.268806,2802.268806,"[2802.266806, 2802.368806, 2802.479139, 2802.589805, 2802.693305, 2802.796804, 2802.907637, 2803.02497, 2803.14297, 2803.261802, 2803.387302, 2803.46014, 2803.514635, 2803.587134, 2803.636468, 2803.768467, 2803.8918, 2803.950141]",2,2,go,18,normal,2
133,JUV015,220409,134,2806.845788,2808.12495,2808.280449,,2808.12495,[2808.12495],7,-1,nogo,1,normal,
134,JUV015,220409,135,2822.227726,,,,2825.478047,[],7,0,nogo,0,normal,
135,JUV015,220409,136,2829.641197,,,,2832.891517,[],7,0,nogo,0,normal,
136,JUV015,220409,137,2836.873668,2837.085167,2837.472499,,2837.085167,"[2837.085167, 2837.177668, 2837.285166, 2837.413832]",5,-1,nogo,4,normal,
137,JUV015,220409,138,2851.426443,2853.626768,2853.997933,,2853.626768,"[2853.626768, 2853.7266, 2853.854943, 2853.961933]",5,-1,nogo,4,normal,
138,JUV015,220409,139,2867.847377,,,,2871.097698,[],8,0,nogo,0,normal,
139,JUV015,220409,140,2875.64068,2878.010837,2878.140836,,2878.010837,"[2878.010837, 2878.104003]",8,-1,nogo,2,normal,
140,JUV015,220409,141,2891.860948,2907.063554,2907.084554,,2894.863269,[2907.063554],10,-1,go,1,missed,
141,JUV015,220409,142,2909.085712,2909.302045,2910.62204,2909.304379,2909.304379,"[2909.302045, 2909.386878, 2909.485044, 2909.587544, 2909.697377, 2909.778543, 2909.881543, 2909.998542, 2910.116208, 2910.232208, 2910.334708, 2910.457874, 2910.600546]",3,2,go,13,normal,2
142,JUV015,220409,143,2914.091026,,,,2917.093349,[],13,-1,go,0,missed,
143,JUV015,220409,144,2931.565789,2931.779955,2932.042787,,2931.779955,"[2931.779955, 2931.892954, 2932.006787]",5,-1,nogo,3,normal,
144,JUV015,220409,145,2945.536567,2945.716399,2949.600884,2945.718566,2945.718566,"[2945.716399, 2945.809399, 2945.910732, 2946.019901, 2946.129905, 2946.211397, 2946.314897, 2946.418563, 2946.536563, 2946.647729, 2946.764395, 2949.57255]",3,2,go,12,normal,2
145,JUV015,220409,146,2951.602042,,,,2954.852363,[],7,0,nogo,0,normal,
146,JUV015,220409,147,2958.419682,2960.123181,2960.255508,,2960.123181,"[2960.123181, 2960.234175]",6,-1,nogo,2,normal,
147,JUV015,220409,148,2974.864283,2975.068449,2976.243611,2975.070622,2975.070622,"[2975.068449, 2975.148282, 2975.211615, 2975.246948, 2975.349614, 2975.466781, 2975.554781, 2975.657946, 2975.768621, 2975.886445, 2975.996782, 2976.113944, 2976.229444]",1,2,go,13,normal,2
148,JUV015,220409,149,2979.504431,,,,2982.754751,[],8,0,nogo,0,normal,
149,JUV015,220409,150,2986.919742,2987.078734,2988.157563,2987.080901,2987.080901,"[2987.078734, 2987.158067, 2987.259566, 2987.369233, 2987.479065, 2987.567398, 2987.670065, 2987.779064, 2987.888731, 2988.005563, 2988.12173]",3,2,go,11,normal,2
150,JUV015,220409,151,2992.026047,2998.16419,3001.668842,,2995.276368,"[2998.16419, 2998.395355, 2998.424022, 2998.645688, 2998.792859, 2998.918861, 2999.108352, 2999.154352, 2999.438184, 2999.74885, 3000.011349, 3000.49068, 3001.078678, 3001.092678, 3001.29251, 3001.611509]",8,0,nogo,16,normal,
151,JUV015,220409,152,3003.670001,3010.114144,3010.241308,,3006.920321,"[3010.114144, 3010.205808]",7,0,nogo,2,normal,
152,JUV015,220409,153,3012.242466,,,,3015.492787,[],6,0,nogo,0,normal,
153,JUV015,220409,154,3019.70827,,,,3032.958717,[],4,-1,go,0,missed,
154,JUV015,220409,155,3036.964701,,,,3040.214869,[],8,0,nogo,0,normal,
155,JUV015,220409,156,3044.373005,,,,3047.375502,[],13,-1,go,0,missed,
156,JUV015,220409,157,3061.195105,,,,3064.445263,[],8,0,nogo,0,normal,
157,JUV015,220409,158,3068.639582,3068.910907,3072.752891,3068.913073,3068.913073,"[3068.910907, 3069.018573, 3069.120239, 3069.208405, 3069.324905, 3069.401405, 3069.496737, 3069.605904, 3069.72207, 3069.845569, 3069.962069, 3070.077741, 3072.731391]",2,2,go,13,normal,2
158,JUV015,220409,159,3074.754228,3074.899549,3076.237377,3074.901882,3074.901882,"[3074.899549, 3074.980716, 3075.089048, 3075.197548, 3075.306548, 3075.390221, 3075.499547, 3075.608382, 3075.724713, 3075.841379, 3075.964545, 3076.073545, 3076.209211]",2,2,go,13,normal,2
159,JUV015,220409,160,3078.8277,3078.923533,3078.944703,,3078.923533,[3078.923533],6,-1,nogo,1,normal,
160,JUV015,220409,161,3092.546812,3092.712145,3096.903794,3092.714311,3092.714311,"[3092.712145, 3092.791144, 3092.900144, 3093.00231, 3093.111643, 3093.199643, 3093.301809, 3093.411642, 3093.521641, 3093.638641, 3093.77564, 3096.889961]",2,2,go,12,normal,2
161,JUV015,220409,162,3098.904953,3099.132952,3099.161119,,3099.132952,[3099.132952],5,-1,nogo,1,normal,
162,JUV015,220409,163,3112.95123,,,,3116.201551,[],7,0,nogo,0,normal,
163,JUV015,220409,164,3120.892199,3121.145031,3121.295197,,3121.145031,"[3121.145031, 3121.245197]",5,-1,nogo,2,normal,
164,JUV015,220409,165,3135.249808,3135.42214,3136.43897,3135.424143,3135.424143,"[3135.42214, 3135.536807, 3135.638806, 3135.734472, 3135.843806, 3135.931805, 3136.040471, 3136.156471, 3136.26547, 3136.388637]",2,2,go,10,normal,2
165,JUV015,220409,166,3140.038289,,,,3143.288609,[],8,0,nogo,0,normal,
166,JUV015,220409,167,3147.531592,3147.727925,3147.734258,,3147.727925,[3147.727925],5,-1,nogo,1,normal,
167,JUV015,220409,168,3161.294704,3161.502203,3161.623536,,3161.502203,"[3161.502203, 3161.594702]",5,-1,nogo,2,normal,
168,JUV015,220409,169,3175.659824,3175.835145,3176.889141,3175.837312,3175.837312,"[3175.835145, 3175.920479, 3176.022978, 3176.110978, 3176.213144, 3176.30781, 3176.409643, 3176.512309, 3176.628642, 3176.730975, 3176.867641]",4,2,go,11,normal,2
169,JUV015,220409,170,3180.245294,3180.373627,3180.401961,,3180.373627,[3180.373627],5,-1,nogo,1,normal,
170,JUV015,220409,171,3194.79207,3203.435368,3203.449202,,3197.794224,[3203.435368],12,-1,go,1,missed,
171,JUV015,220409,172,3211.505836,3211.535669,3214.900156,3211.537669,3211.537669,"[3211.535669, 3213.366662, 3213.504661, 3213.607994, 3213.736994, 3213.987326, 3214.237159, 3214.56049, 3214.871489]",4,2,go,9,normal,2
172,JUV015,220409,173,3216.901315,3217.533823,3217.547645,,3217.533823,[3217.533823],6,-1,nogo,1,normal,
173,JUV015,220409,174,3231.999754,,,,3235.250074,[],7,0,nogo,0,normal,
174,JUV015,220409,175,3239.70489,3239.969889,3241.062051,3239.972061,3239.972061,"[3239.969889, 3240.063222, 3240.168059, 3240.265221, 3240.365054, 3240.450554, 3240.553053, 3240.678063, 3240.794386, 3240.849885, 3240.896552, 3241.025885]",1,2,go,12,normal,2
175,JUV015,220409,176,3244.501871,,,,3247.752191,[],8,0,nogo,0,normal,
176,JUV015,220409,177,3251.474343,3251.627009,3253.258002,3251.629184,3251.629184,"[3251.627009, 3251.728675, 3251.837675, 3251.940341, 3252.049507, 3252.144674, 3252.254006, 3252.370174, 3252.492839, 3252.609672, 3252.718838, 3252.835171, 3252.959342, 3253.030503, 3253.07117, 3253.215003]",3,2,go,16,normal,2
177,JUV015,220409,178,3256.016325,,,,3259.018646,[],13,-1,go,0,missed,
178,JUV015,220409,179,3272.870424,,,,3275.872912,[],11,-1,go,0,missed,
179,JUV015,220409,180,3289.839856,,,,3293.090176,[],8,0,nogo,0,normal,
180,JUV015,220409,181,3296.646662,3296.820328,3297.065661,,3296.820328,"[3296.820328, 3296.912494, 3297.044661]",5,-1,nogo,3,normal,
181,JUV015,220409,182,3311.722944,3312.206944,3312.528947,,3312.206944,"[3312.206944, 3312.318266, 3312.514765]",15,0,go,3,normal,
182,JUV015,220409,183,3316.108418,3316.30675,3317.385079,3316.309083,3316.309083,"[3316.30675, 3316.399916, 3316.501423, 3316.603749, 3316.714249, 3316.802748, 3316.904581, 3317.014081, 3317.116247, 3317.232747, 3317.341913]",1,2,go,11,normal,2
183,JUV015,220409,184,3320.928898,,,,3324.179219,[],7,0,nogo,0,normal,
184,JUV015,220409,185,3327.680205,3327.841871,3329.035199,3327.844204,3327.844204,"[3327.841871, 3327.91537, 3327.936704, 3328.02737, 3328.130036, 3328.232869, 3328.314035, 3328.416702, 3328.533701, 3328.650201, 3328.759367, 3328.8762, 3328.984544]",2,2,go,13,normal,2
185,JUV015,220409,186,3331.543856,,,,3334.794176,[],7,0,nogo,0,normal,
186,JUV015,220409,187,3339.327158,3339.469991,3343.81514,3339.472158,3339.472158,"[3339.469991, 3339.548657, 3339.651661, 3339.75399, 3339.857323, 3339.945663, 3340.047822, 3340.149823, 3340.259321, 3340.368654, 3340.47832, 3340.595486, 3343.447308, 3343.757984]",4,2,go,14,normal,2
187,JUV015,220409,188,3345.816143,,,,3349.066463,[],5,0,nogo,0,normal,
188,JUV015,220409,189,3352.652438,,,,3355.902759,[],6,0,nogo,0,normal,
189,JUV015,220409,190,3360.377582,3363.667394,3369.481538,,3363.627728,"[3363.667394, 3363.852227, 3363.902061, 3363.93756, 3363.958893, 3364.045226, 3364.073726, 3365.392222, 3365.758886, 3366.279884, 3366.593049, 3366.725549, 3366.961714, 3367.166714, 3367.313713, 3367.753545, 3368.320876, 3368.613208, 3369.190379, 3369.268381]",7,0,nogo,20,normal,
190,JUV015,220409,191,3371.482701,3371.641029,3374.100859,3371.643029,3371.643029,"[3371.641029, 3371.741695, 3371.839861, 3371.937694, 3372.047861, 3372.14386, 3372.25336, 3372.377026, 3372.486708, 3372.610692, 3372.674191, 3372.716025, 3372.833357, 3372.957524, 3373.028859, 3373.07569, 3373.226522, 3373.693022, 3373.80652, 3373.960186]",4,2,go,20,normal,2
191,JUV015,220409,192,3376.102178,3383.280649,3383.302149,,3379.352498,[3383.280649],7,0,nogo,1,normal,
192,JUV015,220409,193,3385.303474,,,,3388.305796,[],16,-1,go,0,missed,
193,JUV015,220409,194,3402.478572,3402.755571,3406.065224,,3402.755571,"[3402.755571, 3402.862404, 3406.044391]",6,-1,nogo,3,normal,
194,JUV015,220409,195,3417.228513,,,,3420.478834,[],7,0,nogo,0,normal,
195,JUV015,220409,196,3424.225985,3424.426985,3426.038145,3424.429318,3424.429318,"[3424.426985, 3424.512984, 3424.614984, 3424.723984, 3424.839983, 3424.908816, 3425.010649, 3425.113315, 3425.223481, 3425.340147, 3425.457314, 3425.567313, 3425.697313, 3425.909645, 3426.009811]",2,2,go,15,normal,2
196,JUV015,220409,197,3428.313802,,,,3431.564122,[],8,0,nogo,0,normal,
197,JUV015,220409,198,3435.347441,3435.516107,3436.821768,3435.518273,3435.518273,"[3435.516107, 3435.59494, 3435.703939, 3435.806272, 3435.922272, 3436.003271, 3436.112271, 3436.227937, 3436.329937, 3436.43927, 3436.554436, 3436.677602, 3436.799935]",2,2,go,13,normal,2
198,JUV015,220409,199,3440.359087,3440.529753,3440.55042,,3440.529753,[3440.529753],5,-1,nogo,1,normal,
199,JUV015,220409,200,3455.308528,,,,3458.558848,[],8,0,nogo,0,normal,
200,JUV015,220409,201,3462.728331,,,,3465.978652,[],8,0,nogo,0,normal,
201,JUV015,220409,202,3469.59347,,,,3472.843791,[],6,0,nogo,0,normal,
202,JUV015,220409,203,3476.711275,,,,3479.961596,[],5,0,nogo,0,normal,
203,JUV015,220409,204,3484.113079,3484.375245,3485.933405,3484.377411,3484.377411,"[3484.375245, 3484.484078, 3484.592744, 3484.68141, 3484.783743, 3484.867743, 3484.962576, 3485.071579, 3485.180408, 3485.296574, 3485.413074, 3485.52874, 3485.637073, 3485.746239, 3485.882739]",2,2,go,15,normal,2
204,JUV015,220409,205,3488.637901,,,,3491.888048,[],6,0,nogo,0,normal,
205,JUV015,220409,206,3495.893699,3496.050031,3497.232026,3496.052198,3496.052198,"[3496.050031, 3496.135364, 3496.237031, 3496.331697, 3496.44753, 3496.528029, 3496.629696, 3496.739029, 3496.848028, 3496.957028, 3497.080194, 3497.189027]",2,2,go,12,normal,2
206,JUV015,220409,207,3500.522013,,,,3503.772334,[],6,0,nogo,0,normal,
207,JUV015,220409,208,3507.452152,,,,3510.702473,[],6,0,nogo,0,normal,
208,JUV015,220409,209,3514.311291,3514.461291,3515.63162,3514.463624,3514.463624,"[3514.461291, 3514.546291, 3514.65429, 3514.742123, 3514.851289, 3514.939122, 3515.048465, 3515.157788, 3515.267288, 3515.377121, 3515.493787, 3515.595786]",4,2,go,12,normal,2
209,JUV015,220409,210,3518.777274,3518.912946,3520.229768,3518.915106,3518.915106,"[3518.912946, 3519.006784, 3519.109272, 3519.212605, 3519.322271, 3519.417771, 3519.520271, 3519.635604, 3519.75227, 3519.862269, 3519.978102, 3520.085769, 3520.186601]",4,2,go,13,normal,2
210,JUV015,220409,211,3522.901591,3522.986757,3527.335239,3522.988924,3522.988924,"[3522.986757, 3523.081923, 3523.184423, 3523.294256, 3523.410589, 3523.505423, 3523.607921, 3523.724587, 3523.834253, 3523.957753, 3524.068086, 3524.191259, 3524.335085, 3527.31424]",4,2,go,14,normal,2
211,JUV015,220409,212,3529.336398,3529.469064,3533.320221,3529.471231,3529.471231,"[3529.469064, 3529.561731, 3529.671064, 3529.773563, 3529.889899, 3529.991901, 3530.094395, 3530.204395, 3530.314894, 3530.431901, 3530.495902, 3530.542393, 3530.65906, 3533.277549]",1,2,go,14,normal,2
212,JUV015,220409,213,3535.321541,,,,3538.323862,[],10,-1,go,0,missed,
213,JUV015,220409,214,3552.606972,3552.798971,3556.985454,3552.801304,3552.801304,"[3552.798971, 3552.891804, 3552.99347, 3553.09547, 3553.206139, 3553.294969, 3553.404141, 3553.513468, 3553.616301, 3553.726467, 3553.8348, 3556.850621, 3556.957288]",2,2,go,13,normal,2
214,JUV015,220409,215,3558.986621,,,,3562.236939,[],8,0,nogo,0,normal,
215,JUV015,220409,216,3565.956418,,,,3569.206739,[],8,0,nogo,0,normal,
216,JUV015,220409,217,3572.700225,3572.865391,3573.93372,3572.867557,3572.867557,"[3572.865391, 3572.95789, 3573.05939, 3573.154389, 3573.263389, 3573.343889, 3573.438888, 3573.547888, 3573.657721, 3573.774387, 3573.883553]",1,2,go,11,normal,2
217,JUV015,220409,218,3577.474379,3577.596543,3581.587356,3577.598872,3577.598872,"[3577.596543, 3577.697538, 3577.807871, 3577.910541, 3578.020037, 3578.122203, 3578.231703, 3578.340702, 3578.443035, 3578.545701, 3578.655868, 3578.779367, 3581.559022]",2,2,go,13,normal,2
218,JUV015,220409,219,3583.588681,3583.733681,3585.724006,3583.735681,3583.735681,"[3583.733681, 3583.82768, 3583.930013, 3584.039513, 3584.156012, 3584.251179, 3584.353511, 3584.463844, 3584.573844, 3584.69151, 3584.801843, 3584.905179, 3585.029842, 3585.167008, 3585.288174, 3585.400841, 3585.53584, 3585.666339]",4,2,go,18,normal,2
219,JUV015,220409,220,3587.981499,3588.11733,3588.268662,,3588.11733,"[3588.11733, 3588.211329]",5,-1,nogo,2,normal,
220,JUV015,220409,221,3601.63711,3601.810783,3609.58891,3601.812942,3601.812942,"[3601.810783, 3601.889775, 3601.999274, 3602.101607, 3602.218106, 3602.313106, 3602.415106, 3602.524781, 3602.640941, 3602.750771, 3602.866604, 3602.988939, 3605.873925, 3606.497589, 3607.571085, 3607.681918, 3607.890084, 3608.205427, 3608.450915, 3608.550748, 3608.660914, 3609.305245, 3609.561077]",3,2,go,23,normal,2
221,JUV015,220409,222,3611.590069,3611.725402,3613.378562,3611.727569,3611.727569,"[3611.725402, 3611.812901, 3611.929234, 3612.032234, 3612.150567, 3612.253066, 3612.362733, 3612.479566, 3612.596565, 3612.714231, 3612.778398, 3612.893731, 3612.942897, 3613.074896, 3613.199396, 3613.271562, 3613.350229]",1,2,go,17,normal,2
222,JUV015,220409,223,3616.003718,,,,3619.254039,[],7,0,nogo,0,normal,
223,JUV015,220409,224,3623.490861,,,,3626.741008,[],8,0,nogo,0,normal,
224,JUV015,220409,225,3630.640493,,,,3633.890813,[],7,0,nogo,0,normal,
225,JUV015,220409,226,3637.372142,3637.585465,3638.616961,3637.587632,3637.587632,"[3637.585465, 3637.691298, 3637.813464, 3637.908964, 3638.017797, 3638.11313, 3638.2223, 3638.331962, 3638.442128, 3638.559295]",3,2,go,10,normal,2
226,JUV015,220409,227,3641.961448,3642.075447,3646.37643,3642.07778,3642.07778,"[3642.075447, 3642.191447, 3642.308946, 3642.419946, 3642.523112, 3642.625445, 3642.735444, 3642.852779, 3642.962944, 3643.080276, 3643.151276, 3643.217443, 3643.429275, 3643.548608, 3645.6396, 3646.34093]",4,2,go,16,normal,2
227,JUV015,220409,228,3648.377589,,,,3651.627909,[],6,0,nogo,0,normal,
228,JUV015,220409,229,3655.919907,3656.082724,3660.132042,3656.084891,3656.084891,"[3656.082724, 3656.183224, 3656.291557, 3656.39389, 3656.503723, 3656.599056, 3656.701389, 3656.811388, 3656.921721, 3657.032061, 3657.09522, 3657.154553, 3657.26972, 3660.125542]",3,2,go,14,normal,2
229,JUV015,220409,230,3662.1332,,,,3665.383521,[],5,0,nogo,0,normal,
230,JUV015,220409,231,3669.753837,3672.083827,3672.217993,,3672.083827,"[3672.083827, 3672.189827]",8,-1,nogo,2,normal,
231,JUV015,220409,232,3686.233604,3686.423603,3687.520599,3686.42577,3686.42577,"[3686.423603, 3686.531104, 3686.639602, 3686.734435, 3686.843435, 3686.924601, 3687.026939, 3687.1361, 3687.2526, 3687.354939, 3687.485103]",4,2,go,11,normal,2
232,JUV015,220409,233,3691.122918,,,,3694.373238,[],8,0,nogo,0,normal,
233,JUV015,220409,234,3698.01589,,,,3701.018211,[],12,-1,go,0,missed,
234,JUV015,220409,235,3714.584824,3714.777659,3720.215135,3714.779823,3714.779823,"[3714.777659, 3714.862989, 3714.965156, 3715.067824, 3715.186321, 3715.261154, 3715.356321, 3715.458654, 3715.57482, 3715.684486, 3715.807821, 3715.923152, 3716.023651, 3716.145484, 3716.25865, 3719.109806, 3720.179468]",3,2,go,17,normal,2
235,JUV015,220409,236,3722.216303,3722.305293,3726.210444,3722.30746,3722.30746,"[3722.305293, 3722.398126, 3722.506625, 3722.615792, 3722.731958, 3722.834291, 3722.93629, 3723.052624, 3723.169289, 3723.285456, 3723.415622, 3723.537788, 3726.203611]",3,2,go,13,normal,2
236,JUV015,220409,237,3728.211769,,,,3731.213924,[],15,-1,go,0,missed,
237,JUV015,220409,238,3744.73187,3744.984369,3745.148701,,3744.984369,"[3744.984369, 3745.099202]",5,-1,nogo,2,normal,
238,JUV015,220409,239,3758.401148,,,,3761.651469,[],6,0,nogo,0,normal,
239,JUV015,220409,240,3766.151784,3766.31045,3767.368946,3766.312619,3766.312619,"[3766.31045, 3766.395783, 3766.504783, 3766.600116, 3766.709115, 3766.789782, 3766.891614, 3767.007947, 3767.10978, 3767.22628, 3767.340446]",4,2,go,11,normal,2
240,JUV015,220409,241,3770.429767,3770.530943,3775.115248,3770.533267,3770.533267,"[3770.530943, 3770.624766, 3770.726432, 3770.835432, 3770.951598, 3771.039598, 3771.155431, 3771.264764, 3771.38143, 3771.497929, 3771.606596, 3771.742429, 3774.342918, 3775.094248]",4,2,go,14,normal,2
241,JUV015,220409,242,3777.116574,3777.266906,3781.196557,3777.26924,3777.26924,"[3777.266906, 3777.366573, 3777.475585, 3777.578739, 3777.681405, 3777.776404, 3777.885741, 3777.99557, 3778.119236, 3778.227236, 3778.333569, 3781.160891]",4,2,go,12,normal,2
242,JUV015,220409,243,3783.197716,,,,3786.448036,[],6,0,nogo,0,normal,
243,JUV015,220409,244,3789.908689,,,,3792.911011,[],12,-1,go,0,missed,
244,JUV015,220409,245,3807.284786,3807.450952,3819.231905,,3807.450952,"[3807.450952, 3807.558952, 3807.708285, 3807.822284, 3815.109922, 3815.216755, 3819.097406, 3819.196572]",5,-1,nogo,8,normal,
245,JUV015,220409,246,3821.632067,3821.796562,3822.899557,3821.798728,3821.798728,"[3821.796562, 3821.889228, 3821.998065, 3822.101727, 3822.207393, 3822.298061, 3822.406893, 3822.516392, 3822.625892, 3822.734224, 3822.863557]",2,2,go,11,normal,2
246,JUV015,220409,247,3825.607546,3825.706546,3830.308701,3825.708713,3825.708713,"[3825.706546, 3825.813546, 3825.930387, 3826.040711, 3826.143211, 3826.245877, 3826.348877, 3826.466383, 3826.576381, 3826.693042, 3826.749875, 3826.802708, 3829.120866, 3830.295028]",4,2,go,14,normal,2
247,JUV015,220409,248,3832.31002,3841.065651,3848.485288,,3835.312341,"[3841.065651, 3841.189651, 3841.319317, 3841.42415, 3841.550816, 3841.671649, 3841.763648, 3841.905481, 3842.060981, 3842.200313, 3842.34348, 3842.377479, 3842.592978, 3842.770311, 3843.582974, 3843.706142, 3843.83764, 3843.940973, 3844.107979, 3844.269305, 3844.454804, 3844.659304, 3845.139802, 3845.208968, 3845.243634, 3845.397467, 3845.487967, 3848.471788]",12,-1,go,28,missed,
248,JUV015,220409,249,3850.486447,3850.641946,3863.953901,,3850.641946,"[3850.641946, 3850.741113, 3856.41659, 3863.583228, 3863.690227, 3863.797394, 3863.932893]",8,-1,nogo,7,normal,
249,JUV015,220409,250,3865.955218,3866.150718,3868.020381,3866.153051,3866.153051,"[3866.150718, 3866.271717, 3866.381717, 3866.487716, 3866.577382, 3866.686382, 3866.802381, 3866.911714, 3867.020714, 3867.084381, 3867.139047, 3867.202547, 3867.26388, 3867.391379, 3867.525212, 3867.648545, 3867.784544, 3867.933377]",2,2,go,18,normal,2
250,JUV015,220409,251,3870.021702,3870.168035,3876.505009,3870.170201,3870.170201,"[3870.168035, 3870.262868, 3870.374034, 3870.491534, 3870.608547, 3870.711366, 3870.820541, 3870.930699, 3871.047865, 3871.156705, 3871.272702, 3871.389363, 3871.533696, 3871.642362, 3871.758699, 3871.882703, 3872.020361, 3874.471019, 3876.498509]",4,2,go,19,normal,2
251,JUV015,220409,252,3878.506335,,,,3881.756655,[],7,0,nogo,0,normal,
252,JUV015,220409,253,3885.598973,,,,3888.601294,[],10,-1,go,0,missed,
253,JUV015,220409,254,3902.086407,,,,3905.336728,[],7,0,nogo,0,normal,
254,JUV015,220409,255,3909.888876,,,,3913.139196,[],8,0,nogo,0,normal,
255,JUV015,220409,256,3917.317679,3917.579512,3918.707182,3917.581678,3917.581678,"[3917.579512, 3917.673678, 3917.797344, 3917.90701, 3918.002177, 3918.09001, 3918.19251, 3918.308676, 3918.424842, 3918.541008, 3918.656841]",1,2,go,11,normal,2
256,JUV015,220409,257,3921.785502,3921.911661,3926.827142,3921.913667,3921.913667,"[3921.911661, 3922.013661, 3922.122994, 3922.225827, 3922.336159, 3922.431503, 3922.547992, 3922.657825, 3922.774658, 3922.884991, 3923.020823, 3925.958645, 3926.806142]",2,2,go,13,normal,2
257,JUV015,220409,258,3928.828467,3928.929966,3933.322949,3928.932139,3928.932139,"[3928.929966, 3929.037133, 3929.139299, 3929.248965, 3929.358131, 3929.453464, 3929.563131, 3929.673297, 3929.79063, 3929.913796, 3932.502285, 3932.627452, 3933.287449]",4,2,go,13,normal,2
258,JUV015,220409,259,3935.324107,3935.437274,3942.364913,3935.439607,3935.439607,"[3935.437274, 3935.539273, 3935.63594, 3935.727439, 3935.838272, 3935.940939, 3936.050605, 3936.160604, 3936.27827, 3936.38827, 3936.451936, 3936.499936, 3936.570943, 3936.623936, 3938.983593, 3939.399091, 3940.553259, 3942.358246]",3,2,go,18,normal,2
259,JUV015,220409,260,3944.366238,3944.514571,3945.722399,3944.516904,3944.516904,"[3944.514571, 3944.601237, 3944.71057, 3944.81307, 3944.922902, 3945.018569, 3945.121235, 3945.231235, 3945.347401, 3945.4714, 3945.580566, 3945.636733, 3945.715566]",2,2,go,13,normal,2
260,JUV015,220409,261,3948.992227,3949.086552,3953.04787,3949.088719,3949.088719,"[3949.086552, 3949.193719, 3949.302385, 3949.412384, 3949.529051, 3949.63155, 3949.733883, 3949.857549, 3949.973882, 3950.097549, 3950.206881, 3950.363547, 3952.585372, 3953.02687]",3,2,go,14,normal,2
261,JUV015,220409,262,3955.049028,3955.213528,3958.955513,3955.215861,3955.215861,"[3955.213528, 3955.302528, 3955.416027, 3955.515527, 3955.695359, 3955.848192, 3955.965692, 3956.083191, 3956.207524, 3956.31769, 3956.474356, 3958.927513]",4,2,go,12,normal,2
262,JUV015,220409,263,3960.956672,3961.089342,3965.583486,3961.091507,3961.091507,"[3961.089342, 3961.183671, 3961.293004, 3961.409503, 3961.526336, 3961.621502, 3961.731002, 3961.847835, 3961.957168, 3962.073667, 3962.183343, 3964.857323, 3965.554986]",2,2,go,13,normal,2
263,JUV015,220409,264,3967.584645,,,,3970.834966,[],8,0,nogo,0,normal,
264,JUV015,220409,265,3974.579117,3974.833449,3974.847116,,3974.833449,[3974.833449],5,-1,nogo,1,normal,
265,JUV015,220409,266,3989.460391,3989.605724,3995.169035,3989.60789,3989.60789,"[3989.605724, 3989.699223, 3989.808389, 3989.911056, 3990.021222, 3990.124061, 3990.234554, 3990.351887, 3990.462063, 3990.578061, 3990.707886, 3992.663878, 3992.88621, 3992.999543, 3993.818541, 3995.147868]",3,2,go,16,normal,2
266,JUV015,220409,267,3997.170193,3997.306193,4003.776,3997.30836,3997.30836,"[3997.306193, 3997.408359, 3997.512192, 3997.619192, 3997.727691, 3997.821524, 3997.922524, 3998.032861, 3998.145023, 3998.270859, 3998.380189, 3998.503521, 3998.610864, 4001.126178, 4001.231344, 4002.355344, 4003.7545]",4,2,go,17,normal,2
267,JUV015,220409,268,4005.777326,4005.949325,4011.490803,4005.951492,4005.951492,"[4005.949325, 4006.051991, 4006.164324, 4006.27699, 4006.383156, 4006.482323, 4006.593989, 4006.703989, 4006.814322, 4006.945154, 4007.068654, 4009.90081, 4010.014475, 4011.348144, 4011.455303]",1,2,go,15,normal,2
268,JUV015,220409,269,4013.492128,4013.619128,4019.359438,4013.621461,4013.621461,"[4013.619128, 4013.80946, 4013.90746, 4013.985293, 4014.077792, 4014.184959, 4014.292125, 4014.412464, 4014.521624, 4014.638628, 4014.75529, 4014.879456, 4015.022289, 4015.225455, 4015.353787, 4017.107114, 4017.17278, 4018.01961, 4018.270276, 4019.243438, 4019.330605]",3,2,go,21,normal,2
269,JUV015,220409,270,4021.360597,4025.998078,4027.204907,,4024.362918,"[4025.998078, 4027.049074, 4027.183579]",13,-1,go,3,missed,
270,JUV015,220409,271,4038.00003,,,,4041.25035,[],8,0,nogo,0,normal,
271,JUV015,220409,272,4045.603166,4045.756666,4050.671983,4045.758832,4045.758832,"[4045.756666, 4045.851832, 4045.961832, 4046.051164, 4046.164164, 4046.249164, 4046.35183, 4046.46183, 4046.579163, 4046.689662, 4046.813162, 4049.728983, 4049.815985, 4050.50698, 4050.643823]",1,2,go,15,normal,2
272,JUV015,220409,273,4052.673305,4053.014139,4053.13447,,4053.014139,"[4053.014139, 4053.11347]",5,-1,nogo,2,normal,
273,JUV015,220409,274,4067.416079,4067.561746,4072.566892,4067.563912,4067.563912,"[4067.561746, 4067.648578, 4067.750744, 4067.853411, 4067.96291, 4068.051077, 4068.153243, 4068.262409, 4068.372242, 4068.489242, 4068.605587, 4071.172064, 4071.530896, 4072.432559, 4072.545725]",2,2,go,15,normal,2
274,JUV015,220409,275,4074.568051,4074.693383,4074.80005,,4074.693383,"[4074.693383, 4074.785883]",8,-1,nogo,2,normal,
275,JUV015,220409,276,4088.373499,,,,4091.623649,[],8,0,nogo,0,normal,
276,JUV015,220409,277,4095.958132,4096.142964,4099.953116,4096.145131,4096.145131,"[4096.142964, 4096.243464, 4096.346797, 4096.449463, 4096.558963, 4096.646796, 4096.749462, 4096.866128, 4096.976302, 4097.106463, 4097.222462, 4099.831449, 4099.917449]",3,2,go,13,normal,2
277,JUV015,220409,278,4101.954274,4102.09494,4105.787592,4102.096944,4102.096944,"[4102.09494, 4102.196273, 4102.306106, 4102.409606, 4102.514605, 4102.612605, 4102.722271, 4102.832104, 4102.949437, 4103.072941, 4103.208769, 4105.751926]",2,2,go,12,normal,2
278,JUV015,220409,279,4107.788751,,,,4111.039071,[],8,0,nogo,0,normal,
279,JUV015,220409,280,4115.001389,4120.268542,4133.207149,,4118.00371,"[4120.268542, 4120.3892, 4125.959182, 4125.973345, 4126.288677, 4126.528343, 4126.695009, 4126.716175, 4126.876508, 4126.991008, 4127.05434, 4127.244506, 4127.379839, 4127.415181, 4127.531341, 4127.645341, 4127.881004, 4127.97167, 4128.472502, 4128.623668, 4128.748, 4128.8845, 4129.158166, 4129.306998, 4129.450498, 4129.60783, 4129.74433, 4129.920162, 4130.193662, 4130.500827, 4130.660493, 4130.799159, 4130.987825, 4131.159491, 4131.310657, 4131.490656, 4131.684822, 4132.18632, 4132.371825, 4132.520319, 4132.653827, 4132.708818, 4132.851484, 4133.053984, 4133.18565]",10,-1,go,45,missed,
280,JUV015,220409,281,4135.208475,4135.349641,4139.699957,4135.351807,4135.351807,"[4135.349641, 4135.45764, 4135.56664, 4135.677306, 4135.788972, 4135.900305, 4136.009471, 4136.134471, 4136.24497, 4136.369303, 4136.506636, 4136.637802, 4136.783468, 4136.928304, 4138.666465, 4139.044301, 4139.679123]",3,2,go,17,normal,2
281,JUV015,220409,282,4141.701282,4141.815781,4144.943769,4141.817948,4141.817948,"[4141.815781, 4141.909281, 4142.020281, 4142.130447, 4142.240622, 4142.343279, 4142.453112, 4142.569945, 4142.687278, 4142.818611, 4142.875777, 4142.922779, 4143.071276, 4143.197276, 4144.930102]",1,2,go,15,normal,2
282,JUV015,220409,283,4146.944928,,,,4150.195248,[],8,0,nogo,0,normal,
283,JUV015,220409,284,4154.258732,4154.447564,4161.634369,4154.449731,4154.449731,"[4154.447564, 4154.535397, 4154.644063, 4154.738397, 4154.854396, 4154.948896, 4155.058065, 4155.174561, 4155.297728, 4155.414061, 4155.544893, 4155.688226, 4155.789059, 4155.906725, 4156.037558, 4156.224557, 4158.729547, 4159.65821, 4161.620703]",4,2,go,19,normal,2
284,JUV015,220409,285,4163.635694,4163.788194,4164.984355,4163.790527,4163.790527,"[4163.788194, 4163.883527, 4164.007026, 4164.124359, 4164.234525, 4164.336691, 4164.453691, 4164.57019, 4164.68719, 4164.81119, 4164.941356]",2,2,go,11,normal,2
285,JUV015,220409,286,4167.949677,4168.05201,4168.209509,,4168.05201,"[4168.05201, 4168.159509]",5,-1,nogo,2,normal,
286,JUV015,220409,287,4181.846955,4181.984287,4187.1356,4181.986464,4181.986464,"[4181.984287, 4182.09812, 4182.207453, 4182.31812, 4182.427952, 4182.523452, 4182.625785, 4182.735951, 4182.860117, 4182.989117, 4185.326441, 4187.121434]",4,2,go,12,normal,2
287,JUV015,220409,288,4189.136926,,,,4192.387246,[],5,0,nogo,0,normal,
288,JUV015,220409,289,4195.988898,,,,4199.239218,[],5,0,nogo,0,normal,
289,JUV015,220409,290,4203.735701,4208.234016,4208.240349,,4206.986021,[4208.234016],7,0,nogo,1,normal,
290,JUV015,220409,291,4211.240837,4211.404836,4216.087651,4211.407003,4211.407003,"[4211.404836, 4211.498503, 4211.601346, 4211.704835, 4211.821668, 4211.910335, 4212.019667, 4212.136334, 4212.252666, 4212.369666, 4214.856989, 4215.072322, 4215.967152, 4216.066651]",4,2,go,14,normal,2
291,JUV015,220409,292,4218.08881,4218.187643,4223.628462,4218.189643,4218.189643,"[4218.187643, 4218.301809, 4218.410642, 4218.520641, 4218.623308, 4218.725981, 4218.84264, 4218.952806, 4219.062973, 4219.173139, 4219.288472, 4222.110127, 4222.346301, 4222.567292, 4222.647125, 4223.621454]",2,2,go,16,normal,2
292,JUV015,220409,293,4225.62978,,,,4228.8801,[],7,0,nogo,0,normal,
293,JUV015,220409,294,4232.480419,4232.627918,4232.754584,,4232.627918,"[4232.627918, 4232.733751]",5,-1,nogo,2,normal,
294,JUV015,220409,295,4246.490529,4246.722529,4252.15184,4246.724699,4246.724699,"[4246.722529, 4246.817028, 4246.933528, 4247.036527, 4247.14636, 4247.23436, 4247.336703, 4247.439526, 4247.570701, 4247.694525, 4250.331187, 4252.005507, 4252.130674]",2,2,go,13,normal,2
295,JUV015,220409,296,4254.153166,,,,4257.403486,[],5,0,nogo,0,normal,
296,JUV015,220409,297,4261.645802,4261.810635,4262.766798,4261.812802,4261.812802,"[4261.810635, 4261.896468, 4261.991801, 4262.094967, 4262.2048, 4262.292966, 4262.395633, 4262.504799, 4262.614132, 4262.730631]",3,2,go,10,normal,2
297,JUV015,220409,298,4265.849119,4265.954619,4266.648282,,4265.954619,"[4265.954619, 4266.634449]",8,-1,nogo,2,normal,
298,JUV015,220409,299,4279.498397,,,,4282.748718,[],6,0,nogo,0,normal,
299,JUV015,220409,300,4287.018708,,,,4290.269022,[],7,0,nogo,0,normal,
300,JUV015,220409,301,4293.985506,4294.152006,4297.980157,4294.154339,4294.154339,"[4294.152006, 4294.252505, 4294.347671, 4294.450671, 4294.56017, 4294.648004, 4294.757345, 4294.866336, 4294.975669, 4295.085168, 4295.215339, 4297.959157]",2,2,go,12,normal,2
301,JUV015,220409,302,4299.981315,,,,4303.231636,[],8,0,nogo,0,normal,
302,JUV015,220409,303,4307.17762,,,,4310.42794,[],6,0,nogo,0,normal,
303,JUV015,220409,304,4314.906589,4315.060755,4319.274405,4315.063089,4315.063089,"[4315.060755, 4315.152588, 4315.254588, 4315.357421, 4315.46992, 4315.553423, 4315.655919, 4315.764919, 4315.881426, 4315.991085, 4316.119425, 4319.253579]",2,2,go,12,normal,2
304,JUV015,220409,305,4321.27573,4321.495396,4327.978541,4321.497563,4321.497563,"[4321.495396, 4321.632729, 4321.737228, 4321.836228, 4321.932728, 4322.028727, 4322.13856, 4322.243727, 4322.361726, 4322.492392, 4322.601558, 4322.717391, 4325.283048, 4325.369214, 4326.176044, 4327.96487]",3,2,go,16,normal,2
305,JUV015,220409,306,4329.979862,4330.103195,4336.452003,4330.105362,4330.105362,"[4330.103195, 4330.211028, 4330.320194, 4330.43736, 4330.53986, 4330.642359, 4330.759026, 4330.869192, 4330.986525, 4331.095858, 4331.21469, 4331.33219, 4331.449856, 4331.593189, 4333.661847, 4333.74068, 4333.855513, 4335.238674, 4336.430503]",1,2,go,19,normal,2
306,JUV015,220409,307,4338.453162,4338.559995,4344.901803,,4338.559995,"[4338.559995, 4338.666661, 4344.895303]",7,-1,nogo,3,normal,
307,JUV015,220409,308,4352.258942,4352.417772,4353.504602,4352.419939,4352.419939,"[4352.417772, 4352.497439, 4352.621105, 4352.717605, 4352.821604, 4352.90677, 4353.01777, 4353.12727, 4353.236603, 4353.353769, 4353.476101]",4,2,go,11,normal,2
308,JUV015,220409,309,4356.963754,4357.12492,4376.186344,,4357.12492,"[4357.12492, 4357.217421, 4361.738569, 4361.838735, 4362.249233, 4362.327399, 4363.061063, 4363.92556, 4364.347391, 4364.472891, 4364.59689, 4364.718059, 4364.822723, 4364.850723, 4364.986222, 4365.132888, 4365.50072, 4365.754886, 4366.012051, 4366.162884, 4366.30905, 4366.492716, 4366.647382, 4367.23088, 4367.32388, 4367.350546, 4367.461546, 4367.760878, 4367.788379, 4367.935877, 4368.018547, 4368.110876, 4368.400042, 4368.435042, 4368.545875, 4368.615541, 4368.672041, 4368.827207, 4368.919206, 4368.96804, 4369.127872, 4369.378038, 4369.620037, 4369.937869, 4370.035535, 4370.213368, 4370.276542, 4370.349701, 4371.000365, 4371.723362, 4371.823195, 4373.252522, 4374.447684, 4376.018178, 4376.032178]",6,-1,nogo,55,normal,
309,JUV015,220409,310,4378.187669,4380.271328,4389.232303,,4380.271328,"[4380.271328, 4380.453662, 4380.890325, 4383.87548, 4386.821301, 4386.933801, 4387.040967, 4387.183467, 4388.702794, 4389.111959]",6,-1,nogo,10,normal,
310,JUV015,220409,311,4393.892107,4394.042106,4398.795263,4394.044273,4394.044273,"[4394.042106, 4394.128106, 4394.236105, 4394.338771, 4394.447938, 4394.535437, 4394.644942, 4394.75427, 4394.884103, 4394.960945, 4395.009602, 4395.152945, 4395.270434, 4395.413267, 4395.824099, 4395.946765, 4396.063598, 4396.202431, 4396.586429, 4396.953761, 4398.774254]",4,2,go,21,normal,2
311,JUV015,220409,312,4400.796579,4402.745909,4409.999542,,4402.745909,"[4402.745909, 4409.993042]",7,-1,nogo,2,normal,
312,JUV015,220409,313,4416.648016,4416.894348,4427.940637,,4416.894348,"[4416.894348, 4417.009681, 4427.170807, 4427.934145]",5,-1,nogo,4,normal,
313,JUV015,220409,314,4431.318124,4431.46279,4435.52594,4431.465123,4431.465123,"[4431.46279, 4431.555623, 4431.671622, 4431.781788, 4431.899621, 4432.002121, 4432.117954, 4432.21962, 4432.336286, 4432.460621, 4432.583452, 4432.726623, 4435.367941, 4435.497773]",4,2,go,14,normal,2
314,JUV015,220409,315,4437.527107,4437.684431,4443.227583,4437.686765,4437.686765,"[4437.684431, 4437.786931, 4437.885264, 4437.99893, 4438.10543, 4438.204096, 4438.320762, 4438.437762, 4438.554595, 4438.671101, 4438.794427, 4442.033581, 4442.25458, 4443.199581]",1,2,go,14,normal,2
315,JUV015,220409,316,4445.228901,4445.381744,4450.374224,4445.383903,4445.383903,"[4445.381744, 4445.483743, 4445.593909, 4445.710566, 4445.826732, 4445.929065, 4446.038565, 4446.148065, 4446.264564, 4446.387899, 4449.082719, 4449.582227, 4450.352714]",4,2,go,13,normal,2
316,JUV015,220409,317,4452.375539,,,,4455.378027,[],12,-1,go,0,missed,
317,JUV015,220409,318,4469.596471,4470.943965,4470.950632,,4470.943965,[4470.943965],13,0,go,1,normal,
318,JUV015,220409,319,4474.882949,4475.042282,4475.290281,,4475.042282,"[4475.042282, 4475.141448, 4475.262281]",5,-1,nogo,3,normal,
319,JUV015,220409,320,4489.43006,4489.61089,4494.760036,4489.613224,4489.613224,"[4489.61089, 4489.696557, 4489.80539, 4489.900889, 4490.018226, 4490.092061, 4490.194388, 4490.303554, 4490.420387, 4490.529887, 4490.666553, 4493.692387, 4494.739036]",1,2,go,13,normal,2
320,JUV015,220409,321,4496.761195,4496.906702,4501.491009,4496.908863,4496.908863,"[4496.906702, 4497.007027, 4497.122861, 4497.22586, 4497.342703, 4497.438026, 4497.540866, 4497.643358, 4497.760024, 4497.876524, 4497.99869, 4501.455343]",4,2,go,12,normal,2
321,JUV015,220409,322,4503.492335,4503.624834,4510.032642,4503.627001,4503.627001,"[4503.624834, 4503.718501, 4503.836333, 4503.939666, 4504.050333, 4504.153666, 4504.270665, 4504.379664, 4504.495664, 4504.61183, 4506.391664, 4507.99615, 4509.162812, 4510.004475]",3,2,go,14,normal,2
322,JUV015,220409,323,4512.033967,,,,4515.284288,[],8,0,nogo,0,normal,
323,JUV015,220409,324,4519.211439,,,,4522.461759,[],6,0,nogo,0,normal,
324,JUV015,220409,325,4526.141077,,,,4529.391398,[],8,0,nogo,0,normal,
325,JUV015,220409,326,4533.156383,4536.666369,4536.680369,,4536.406709,[4536.666369],8,0,nogo,1,normal,
326,JUV015,220409,327,4540.033189,,,,4543.035344,[],11,-1,go,0,missed,
327,JUV015,220409,328,4556.789288,,,,4560.039609,[],8,0,nogo,0,normal,
328,JUV015,220409,329,4563.904427,,,,4567.154747,[],7,0,nogo,0,normal,
329,JUV015,220409,330,4571.066898,4571.246564,4571.487229,,4571.246564,"[4571.246564, 4571.33873, 4571.459063]",5,-1,nogo,3,normal,
330,JUV015,220409,331,4584.833187,,,,4588.083502,[],5,0,nogo,0,normal,
331,JUV015,220409,332,4591.807648,,,,4595.057968,[],7,0,nogo,0,normal,
332,JUV015,220409,333,4599.444623,,,,4602.694939,[],8,0,nogo,0,normal,
333,JUV015,220409,334,4606.301757,4618.374708,4618.395875,,4609.304078,[4618.374708],11,-1,go,1,missed,
334,JUV015,220409,335,4623.513355,,,,4626.515676,[],14,-1,go,0,missed,
335,JUV015,220409,336,4640.540953,4640.738627,4645.116102,4640.740952,4640.740952,"[4640.738627, 4640.837619, 4640.939118, 4641.040951, 4641.157617, 4641.232628, 4641.33495, 4641.44395, 4641.566949, 4641.682449, 4641.805115, 4641.928448, 4642.058619, 4644.966602, 4645.073435]",1,2,go,15,normal,2
336,JUV015,220409,337,4647.117427,4647.295426,4654.159566,,4647.295426,"[4647.295426, 4647.446092, 4654.011566, 4654.117066]",6,-1,nogo,4,normal,
337,JUV015,220409,338,4661.353703,4661.527536,4662.897197,4661.529703,4661.529703,"[4661.527536, 4661.619536, 4661.721035, 4661.823201, 4661.932545, 4662.013201, 4662.115534, 4662.224366, 4662.367199, 4662.483365, 4662.540032, 4662.586365, 4662.717031, 4662.846864]",1,2,go,14,normal,2
338,JUV015,220409,339,4665.792686,4667.197021,4667.20368,,4667.197021,[4667.197021],11,0,go,1,normal,
339,JUV015,220409,340,4670.778832,4670.941332,4672.23516,4670.943499,4670.943499,"[4670.941332, 4671.042998, 4671.159164, 4671.26133, 4671.377997, 4671.46633, 4671.568496, 4671.685501, 4671.794495, 4671.925161, 4672.041501, 4672.162993]",1,2,go,12,normal,2
340,JUV015,220409,341,4675.105315,4675.242148,4679.428798,4675.244315,4675.244315,"[4675.242148, 4675.334981, 4675.43698, 4675.546647, 4675.662979, 4675.758146, 4675.867984, 4675.984812, 4676.102144, 4676.159311, 4676.212644, 4676.342477, 4677.194807, 4679.415298]",1,2,go,14,normal,2
341,JUV015,220409,342,4681.429956,4681.563123,4687.213933,4681.565456,4681.565456,"[4681.563123, 4681.656789, 4681.767122, 4681.871121, 4681.980954, 4682.076954, 4682.193453, 4682.30312, 4682.419786, 4682.535952, 4682.685618, 4685.605773, 4687.185933]",4,2,go,13,normal,2
342,JUV015,220409,343,4689.215105,4689.354925,4689.383091,,4689.354925,[4689.354925],7,-1,nogo,1,normal,
343,JUV015,220409,344,4703.367702,4703.517535,4711.876335,4703.519701,4703.519701,"[4703.517535, 4703.612701, 4703.714539, 4703.810701, 4703.920867, 4704.017033, 4704.119366, 4704.235698, 4704.345365, 4704.462364, 4704.57853, 4704.700197, 4705.061862, 4705.156028, 4705.285528, 4705.415027, 4705.898025, 4706.041191, 4706.240524, 4706.35519, 4706.497523, 4706.632189, 4706.767188, 4707.103687, 4707.294186, 4707.441186, 4707.509852, 4707.662851, 4707.752684, 4708.062016, 4708.423023, 4708.677023, 4708.801513, 4708.902347, 4709.079846, 4709.399183, 4709.617344, 4709.710177, 4709.750843, 4709.878343, 4710.007009, 4710.176008, 4710.440507, 4710.496007, 4710.55184, 4710.955005, 4711.041838, 4711.833501]",3,2,go,48,normal,2
344,JUV015,220409,345,4713.877501,4714.028826,4718.668807,4714.031159,4714.031159,"[4714.028826, 4714.122826, 4714.239505, 4714.350491, 4714.460491, 4714.563157, 4714.672823, 4714.784823, 4714.902156, 4715.027155, 4715.144988, 4715.290654, 4715.455821, 4715.58482, 4715.713821, 4715.828486, 4715.969823, 4716.27515, 4718.655141]",1,2,go,19,normal,2
345,JUV015,220409,346,4720.669966,4720.805132,4723.444122,4720.807299,4720.807299,"[4720.805132, 4720.906965, 4721.003798, 4721.128131, 4721.24463, 4721.346797, 4721.46313, 4721.586629, 4721.703629, 4721.840961, 4721.956462, 4722.100794, 4722.23746, 4722.400959, 4722.662958, 4723.113623, 4723.148789, 4723.387122]",2,2,go,18,normal,2
346,JUV015,220409,347,4725.445447,,,,4728.695767,[],6,0,nogo,0,normal,
347,JUV015,220409,348,4732.910917,4733.06525,4737.460899,4733.06725,4733.06725,"[4733.06525, 4733.15175, 4733.260249, 4733.379915, 4733.485081, 4733.581424, 4733.698081, 4733.807747, 4733.92508, 4734.028079, 4734.099422, 4734.147912, 4734.271912, 4734.417078, 4734.532244, 4734.634243, 4734.771743, 4734.986075, 4735.286741, 4737.432566]",4,2,go,20,normal,2
348,JUV015,220409,349,4739.462065,4739.603557,4740.777719,4739.605724,4739.605724,"[4739.603557, 4739.69839, 4739.82139, 4739.937722, 4740.040059, 4740.142721, 4740.252721, 4740.370387, 4740.479887, 4740.596886, 4740.720386]",1,2,go,11,normal,2
349,JUV015,220409,350,4743.665707,,,,4746.916028,[],7,0,nogo,0,normal,
350,JUV015,220409,351,4751.239344,4751.376177,4752.501184,4751.378343,4751.378343,"[4751.376177, 4751.463676, 4751.573009, 4751.676009, 4751.785842, 4751.888341, 4751.990674, 4752.115181, 4752.224673, 4752.341339, 4752.450672]",2,2,go,11,normal,2
351,JUV015,220409,352,4755.715661,4757.910817,4758.07365,,4757.910817,"[4757.910817, 4758.066983]",7,-1,nogo,2,normal,
352,JUV015,220409,353,4771.839428,4772.040761,4772.211927,,4772.040761,"[4772.040761, 4772.154927]",6,-1,nogo,2,normal,
353,JUV015,220409,354,4785.828039,4791.24535,4791.259517,,4789.078359,[4791.24535],6,0,nogo,1,normal,
354,JUV015,220409,355,4793.260676,4793.415008,4797.330159,4793.417184,4793.417184,"[4793.415008, 4793.501184, 4793.603188, 4793.712507, 4793.81484, 4793.903506, 4794.005673, 4794.114839, 4794.224172, 4794.333505, 4794.463838, 4797.316326]",1,2,go,12,normal,2
355,JUV015,220409,356,4799.331318,4799.454984,4804.753963,4799.457151,4799.457151,"[4799.454984, 4799.561985, 4799.67115, 4799.781316, 4799.891149, 4799.986149, 4800.088982, 4800.198815, 4800.322648, 4800.43948, 4800.576313, 4803.08947, 4804.732796]",3,2,go,13,normal,2
356,JUV015,220409,357,4806.755289,,,,4810.005609,[],5,0,nogo,0,normal,
357,JUV015,220409,358,4814.116259,4816.017918,4816.41575,,4816.017918,"[4816.017918, 4816.125584, 4816.261084, 4816.402083]",7,-1,nogo,4,normal,
358,JUV015,220409,359,4829.84853,4830.088028,4831.405357,4830.090195,4830.090195,"[4830.088028, 4830.198702, 4830.294361, 4830.37486, 4830.477194, 4830.572527, 4830.675193, 4830.791692, 4830.908192, 4831.017358, 4831.147858, 4831.269857, 4831.36969]",4,2,go,13,normal,2
359,JUV015,220409,360,4833.961019,4834.186345,4834.214512,,4834.186345,[4834.186345],8,-1,nogo,1,normal,
360,JUV015,220409,361,4847.875624,,,,4851.125944,[],6,0,nogo,0,normal,
361,JUV015,220409,362,4855.522927,,,,4858.773247,[],6,0,nogo,0,normal,
362,JUV015,220409,363,4863.182729,,,,4866.43305,[],8,0,nogo,0,normal,
363,JUV015,220409,364,4870.099868,,,,4873.350189,[],6,0,nogo,0,normal,
364,JUV015,220409,365,4877.344173,4877.506339,4883.625824,4877.508505,4877.508505,"[4877.506339, 4877.599341, 4877.701671, 4877.803838, 4877.906504, 4877.994837, 4878.090003, 4878.199669, 4878.316169, 4878.439168, 4878.548168, 4881.781988, 4883.497481, 4883.589823]",1,2,go,14,normal,2
365,JUV015,220409,366,4885.62714,,,,4888.629461,[],15,-1,go,0,missed,
366,JUV015,220409,367,4903.185569,4903.376735,4903.497901,,4903.376735,"[4903.376735, 4903.462568]",5,-1,nogo,2,normal,
367,JUV015,220409,368,4917.222513,4917.389022,4918.601841,4917.391185,4917.391185,"[4917.389022, 4917.488512, 4917.584345, 4917.686845, 4917.796678, 4917.877677, 4917.979344, 4918.088843, 4918.205009, 4918.328342, 4918.458008, 4918.566175]",4,2,go,12,normal,2
368,JUV015,220409,369,4921.395663,4925.641646,4931.45579,,4924.397819,"[4925.641646, 4925.741646, 4931.442123]",16,-1,go,3,missed,
369,JUV015,220409,370,4938.329265,4938.483595,4939.555259,4938.485762,4938.485762,"[4938.483595, 4938.577428, 4938.680261, 4938.776594, 4938.886427, 4938.969426, 4939.078926, 4939.187759, 4939.303925, 4939.420258, 4939.541591]",3,2,go,11,normal,2
370,JUV015,220409,371,4942.842244,4942.938244,4948.459055,4942.940244,4942.940244,"[4942.938244, 4943.03191, 4943.129583, 4943.239742, 4943.351075, 4943.446408, 4943.556074, 4943.679907, 4943.789743, 4943.913406, 4944.042906, 4946.595899, 4948.430888]",3,2,go,13,normal,2
371,JUV015,220409,372,4950.460221,4950.594381,4954.618864,4950.596713,4950.596713,"[4950.594381, 4950.696381, 4950.806381, 4950.917712, 4951.028545, 4951.131544, 4951.248877, 4951.37221, 4951.4938760000005, 4951.622876, 4951.753042, 4951.902708, 4954.590701]",3,2,go,13,normal,2
372,JUV015,220409,373,4956.620022,,,,4959.870343,[],7,0,nogo,0,normal,
373,JUV015,220409,374,4963.789502,4963.939993,4968.086476,4963.94216,4963.94216,"[4963.939993, 4964.032493, 4964.134325, 4964.236825, 4964.353325, 4964.441158, 4964.550491, 4964.66699, 4964.77599, 4964.899323, 4965.022655, 4965.172321, 4968.072643]",4,2,go,13,normal,2
374,JUV015,220409,375,4970.087635,,,,4973.337955,[],5,0,nogo,0,normal,
375,JUV015,220409,376,4977.421439,4977.571605,4978.665601,4977.573605,4977.573605,"[4977.571605, 4977.664605, 4977.766941, 4977.869271, 4977.97877, 4978.067104, 4978.169769, 4978.286436, 4978.396602, 4978.506602, 4978.629268]",2,2,go,11,normal,2
376,JUV015,220409,377,4981.899262,4984.387744,4987.062234,,4984.387744,"[4984.387744, 4986.905068, 4987.012401]",12,0,go,3,normal,
377,JUV015,220409,378,4989.063559,4989.209902,4994.349705,4989.212063,4989.212063,"[4989.209902, 4989.305058, 4989.401391, 4989.505224, 4989.62839, 4989.71639, 4989.826061, 4989.942556, 4990.052389, 4990.169055, 4990.311721, 4993.416383, 4994.328705]",3,2,go,13,normal,2
378,JUV015,220409,379,4996.35103,,,,4999.60135,[],6,0,nogo,0,normal,
379,JUV015,220409,380,5004.161999,5004.326498,5005.450327,5004.328665,5004.328665,"[5004.326498, 5004.428498, 5004.526664, 5004.631505, 5004.73433, 5004.83033, 5004.932829, 5005.049501, 5005.166328, 5005.290161, 5005.406827]",2,2,go,11,normal,2
380,JUV015,220409,381,5008.213483,,,,5011.463803,[],6,0,nogo,0,normal,
381,JUV015,220409,382,5015.533287,5015.699119,5018.237109,5015.701286,5015.701286,"[5015.699119, 5015.785452, 5015.883452, 5015.971618, 5016.073951, 5016.176451, 5016.286117, 5016.396117, 5016.513283, 5016.630625, 5016.761115, 5016.898281, 5018.05861]",2,2,go,13,normal,2
382,JUV015,220409,383,5020.666766,5020.818432,5039.943522,,5020.818432,"[5020.818432, 5020.920265, 5025.422747, 5026.031412, 5026.127744, 5026.520243, 5026.562742, 5026.577243, 5026.690742, 5026.803908, 5026.941241, 5027.110574, 5027.27724, 5027.401072, 5029.899063, 5030.017062, 5030.456727, 5030.60906, 5030.740893, 5032.388066, 5032.549885, 5032.718551, 5032.856051, 5033.178221, 5033.502548, 5033.89338, 5034.105713, 5034.79721, 5034.957209, 5035.124543, 5035.27855, 5035.434388, 5035.588206, 5035.729706, 5036.293537, 5036.425536, 5036.600202, 5036.827201, 5037.059867, 5037.288708, 5037.316867, 5037.526539, 5037.669531, 5037.99403, 5038.057363, 5038.223029, 5038.545528, 5038.630194, 5038.921193, 5039.936866]",6,-1,nogo,50,normal,
383,JUV015,220409,384,5041.944681,5042.097019,5047.350326,5042.099347,5042.099347,"[5042.097019, 5042.19068, 5042.300013, 5042.402513, 5042.519345, 5042.621845, 5042.731511, 5042.848844, 5042.972844, 5043.096343, 5043.227509, 5043.353009, 5043.492842, 5043.572341, 5043.618508, 5043.76434, 5043.923341, 5045.827999, 5047.329159]",3,2,go,19,normal,2
384,JUV015,220409,385,5049.351485,5049.487151,5051.842308,5049.489484,5049.489484,"[5049.487151, 5049.59415, 5049.710317, 5049.820649, 5049.937821, 5050.047315, 5050.171148, 5050.294981, 5050.438147, 5050.50848, 5050.563147, 5050.699146, 5050.793479, 5050.914979, 5051.073144, 5051.677642]",2,2,go,16,normal,2
385,JUV015,220409,386,5053.843467,5053.968633,5056.124291,5053.970633,5053.970633,"[5053.968633, 5054.069966, 5054.186799, 5054.304798, 5054.417964, 5054.527631, 5054.63313, 5054.750963, 5054.868629, 5054.994129, 5055.132628, 5055.270628, 5055.836959, 5055.966459, 5056.080958]",2,2,go,15,normal,2
386,JUV015,220409,387,5058.638947,5058.745614,5069.245905,,5058.745614,"[5058.745614, 5068.128743, 5068.150243, 5068.200076, 5068.264242, 5068.399745, 5068.589579, 5068.74624, 5068.90074, 5069.160239]",6,-1,nogo,10,normal,
387,JUV015,220409,388,5072.505392,5072.707225,5080.377527,,5072.707225,"[5072.707225, 5080.263194, 5080.284703]",6,-1,nogo,3,normal,
388,JUV015,220409,389,5087.251167,,,,5090.501487,[],8,0,nogo,0,normal,
389,JUV015,220409,390,5093.926306,5094.080139,5095.4348,5094.082472,5094.082472,"[5094.080139, 5094.167139, 5094.269472, 5094.379305, 5094.489137, 5094.577304, 5094.68047, 5094.804636, 5094.919969, 5095.029302, 5095.152801, 5095.283301, 5095.398634]",1,2,go,13,normal,2
390,JUV015,220409,391,5098.516288,5098.642954,5099.861283,5098.645288,5098.645288,"[5098.642954, 5098.73762, 5098.854626, 5098.972621, 5099.083452, 5099.193785, 5099.304619, 5099.422784, 5099.501617, 5099.542623, 5099.67395, 5099.825283]",3,2,go,12,normal,2
391,JUV015,220409,392,5102.840604,5102.93477,5110.143743,5102.93677,5102.93677,"[5102.93477, 5103.03077, 5103.13327, 5103.250436, 5103.361269, 5103.470268, 5103.579768, 5103.696943, 5103.813933, 5103.930766, 5104.055101, 5104.185765, 5106.624589, 5107.028754, 5107.14092, 5108.96058, 5110.115408]",4,2,go,17,normal,2
392,JUV015,220409,393,5112.145067,5112.265233,5112.279233,,5112.265233,[5112.265233],5,-1,nogo,1,normal,
393,JUV015,220409,394,5126.637009,,,,5129.63933,[],14,-1,go,0,missed,
394,JUV015,220409,395,5143.401775,,,,5146.652096,[],8,0,nogo,0,normal,
395,JUV015,220409,396,5150.539913,,,,5153.790234,[],8,0,nogo,0,normal,
396,JUV015,220409,397,5157.456063,5157.640385,5157.964221,,5157.640385,"[5157.640385, 5157.739385, 5157.93605]",5,-1,nogo,3,normal,
397,JUV015,220409,398,5172.330826,5172.540325,5184.641443,,5172.540325,"[5172.540325, 5184.418111, 5184.620277]",7,-1,nogo,3,normal,
398,JUV015,220409,399,5186.642769,5195.407567,5195.520067,,5189.64509,"[5195.407567, 5195.499233]",16,-1,go,2,missed,
399,JUV015,220409,400,5203.740706,5210.909505,5210.930338,,5206.743022,[5210.909505],15,-1,go,1,missed,
400,JUV015,220409,401,5220.711633,5220.925798,5224.80195,5220.927965,5220.927965,"[5220.925798, 5221.031798, 5221.133131, 5221.235631, 5221.34513, 5221.425963, 5221.535629, 5221.671629, 5221.734628, 5221.789128, 5221.930961, 5222.362301, 5222.488461, 5224.780625]",4,2,go,14,normal,2
401,JUV015,220409,402,5226.803108,5226.922943,5232.88325,5226.925274,5226.925274,"[5226.922943, 5227.015774, 5227.12494, 5227.234943, 5227.344606, 5227.446941, 5227.556272, 5227.672438, 5227.788438, 5227.91827, 5230.831925, 5231.243262, 5231.369259, 5231.843588, 5232.861917]",4,2,go,15,normal,2
402,JUV015,220409,403,5234.884409,,,,5238.13473,[],6,0,nogo,0,normal,
403,JUV015,220409,404,5241.848048,5242.004547,5246.140705,5242.006714,5242.006714,"[5242.004547, 5242.091047, 5242.200547, 5242.303213, 5242.405879, 5242.494046, 5242.603378, 5242.720045, 5242.829711, 5242.960544, 5243.076384, 5243.177709, 5243.308709, 5246.119698]",4,2,go,14,normal,2
404,JUV015,220409,405,5248.142023,,,,5251.392343,[],8,0,nogo,0,normal,
405,JUV015,220409,406,5255.571826,,,,5258.574148,[],11,-1,go,0,missed,
